{
  "alla": {
    "ann_return": 1.498526358943253,
    "max_dd": -0.08250885490837076,
    "sharpe": 6.20658559484199,
    "calmar": 18.1620064974532,
    "win_rate": 98.48484848484848,
    "new_high_rate": 98.48484848484848,
    "n_stop": 0
  },
  "gem": {
    "ann_return": 0.9269923406725822,
    "max_dd": -0.16597937419701214,
    "sharpe": 3.7395236289271074,
    "calmar": 5.584985153470167,
    "win_rate": 92.42424242424242,
    "new_high_rate": 92.42424242424242,
    "n_stop": 0
  }
}