{
  "v11_realistic": {
    "ann_return": 0.11606764091683996,
    "max_dd": -0.28525752875117233,
    "sharpe": 0.4828548592490385,
    "calmar": 0.4068872131963422,
    "win_rate": 74.24242424242425,
    "new_high_rate": 7.575757575757576,
    "n_stop": 2,
    "n_delist": 0,
    "total_cost": 0.39609599999999945
  },
  "v10_ideal": {
    "ann_return": 1.498526358943253,
    "max_dd": -0.08250885490837076,
    "sharpe": 6.20658559484199,
    "calmar": 18.1620064974532,
    "win_rate": 98.48484848484848,
    "new_high_rate": 98.48484848484848,
    "n_stop": 0,
    "n_delist": 0,
    "total_cost": 0.0
  }
}