{
  "v10原版: 日检MA5": {
    "ann": 0.12957547498976152,
    "max_dd": -0.2807375801373244,
    "sharpe": 0.5390490169705089,
    "calmar": 0.46155372190064087,
    "win": 74.24242424242425,
    "new_high": 24.242424242424242,
    "n_stop": 2,
    "cost": 33.346,
    "trades": 206,
    "exposure": 30.08377760853008
  },
  "日检MA20": {
    "ann": 0.1905534987934614,
    "max_dd": -0.3364196992842674,
    "sharpe": 0.7809531313091835,
    "calmar": 0.5664159952549265,
    "win": 69.6969696969697,
    "new_high": 37.878787878787875,
    "n_stop": 3,
    "cost": 20.873400000000032,
    "trades": 121,
    "exposure": 31.987814166031985
  },
  "调仓日检MA20(21天)": {
    "ann": 0.06947533761176272,
    "max_dd": -0.5246025939403851,
    "sharpe": 0.24486917463407867,
    "calmar": 0.13243422433335847,
    "win": 75.75757575757575,
    "new_high": 7.575757575757576,
    "n_stop": 6,
    "cost": 6.341999999999999,
    "trades": 27,
    "exposure": 35.186595582635185
  },
  "调仓日检MA20(42天)": {
    "ann": -0.040645092382962655,
    "max_dd": -0.4542019418581717,
    "sharpe": -0.16192895652787667,
    "calmar": -0.08948683093841642,
    "win": 81.81818181818183,
    "new_high": 19.696969696969695,
    "n_stop": 6,
    "cost": 3.2314000000000003,
    "trades": 13,
    "exposure": 35.186595582635185
  },
  "调仓日检MA20(63天)": {
    "ann": -0.051991337323542886,
    "max_dd": -0.37725419156418794,
    "sharpe": -0.2300327565814572,
    "calmar": -0.13781513495708056,
    "win": 78.78787878787878,
    "new_high": 1.5151515151515151,
    "n_stop": 3,
    "cost": 1.812,
    "trades": 8,
    "exposure": 28.789032749428788
  },
  "调仓日检MA5(21天)": {
    "ann": -0.02769453406814948,
    "max_dd": -0.5870324323788254,
    "sharpe": -0.10731606123594738,
    "calmar": -0.047177178875659746,
    "win": 75.75757575757575,
    "new_high": 19.696969696969695,
    "n_stop": 7,
    "cost": 5.768199999999999,
    "trades": 23,
    "exposure": 31.987814166031985
  },
  "日检MA20+3日确认": {
    "ann": 0.07822674296885213,
    "max_dd": -0.3267898869090139,
    "sharpe": 0.3996027065526475,
    "calmar": 0.23937932629669265,
    "win": 75.75757575757575,
    "new_high": 34.84848484848485,
    "n_stop": 3,
    "cost": 13.620199999999993,
    "trades": 78,
    "exposure": 24.21934501142422
  },
  "日检MA20+5日确认": {
    "ann": 0.09825101063425845,
    "max_dd": -0.3307042898959328,
    "sharpe": 0.5184503910089568,
    "calmar": 0.29709626889078583,
    "win": 74.24242424242425,
    "new_high": 9.090909090909092,
    "n_stop": 3,
    "cost": 10.902199999999992,
    "trades": 61,
    "exposure": 20.25894897182026
  },
  "调仓日检MA10(21天)": {
    "ann": 0.04521641887908334,
    "max_dd": -0.5551925442062616,
    "sharpe": 0.16206899092467192,
    "calmar": 0.08144277035227047,
    "win": 75.75757575757575,
    "new_high": 7.575757575757576,
    "n_stop": 7,
    "cost": 6.341999999999999,
    "trades": 25,
    "exposure": 35.186595582635185
  },
  "调仓日检MA30(21天)": {
    "ann": 0.06947533761176272,
    "max_dd": -0.5246025939403851,
    "sharpe": 0.24486917463407867,
    "calmar": 0.13243422433335847,
    "win": 75.75757575757575,
    "new_high": 7.575757575757576,
    "n_stop": 6,
    "cost": 6.341999999999999,
    "trades": 27,
    "exposure": 35.186595582635185
  },
  "调仓日检MA20+止损5%(42天)": {
    "ann": -0.040645092382962655,
    "max_dd": -0.4542019418581717,
    "sharpe": -0.16192895652787667,
    "calmar": -0.08948683093841642,
    "win": 81.81818181818183,
    "new_high": 19.696969696969695,
    "n_stop": 6,
    "cost": 3.2314000000000003,
    "trades": 13,
    "exposure": 35.186595582635185
  }
}