{
  "A_ideal": {
    "ann_return": 1.498526358943253,
    "max_dd": -0.08250885490837076,
    "sharpe": 6.20658559484199,
    "calmar": 18.1620064974532,
    "win_rate": 98.48484848484848,
    "new_high": 98.48484848484848,
    "n_stop": 0,
    "n_delist": 0,
    "total_cost_pct": 0.0,
    "n_trades": 216
  },
  "B_cost": {
    "ann_return": 1.336440978014097,
    "max_dd": -0.08405095072367835,
    "sharpe": 5.535261540776771,
    "calmar": 15.900367176187126,
    "win_rate": 98.48484848484848,
    "new_high": 98.48484848484848,
    "n_stop": 0,
    "n_delist": 0,
    "total_cost_pct": 34.91639999999999,
    "n_trades": 216
  },
  "C_t1": {
    "ann_return": 0.11822097915675944,
    "max_dd": -0.28073758013732514,
    "sharpe": 0.4975896015464855,
    "calmar": 0.42110849248942966,
    "win_rate": 72.72727272727273,
    "new_high": 7.575757575757576,
    "n_stop": 2,
    "n_delist": 0,
    "total_cost_pct": 33.43659999999999,
    "n_trades": 206
  },
  "D_liq": {
    "ann_return": 0.12957547498976152,
    "max_dd": -0.2807375801373244,
    "sharpe": 0.5390490169705089,
    "calmar": 0.46155372190064087,
    "win_rate": 74.24242424242425,
    "new_high": 24.242424242424242,
    "n_stop": 2,
    "n_delist": 0,
    "total_cost_pct": 33.346,
    "n_trades": 206
  },
  "E_full": {
    "ann_return": 0.12957547498976152,
    "max_dd": -0.2807375801373244,
    "sharpe": 0.5390490169705089,
    "calmar": 0.46155372190064087,
    "win_rate": 74.24242424242425,
    "new_high": 24.242424242424242,
    "n_stop": 2,
    "n_delist": 0,
    "total_cost_pct": 33.346,
    "n_trades": 206
  }
}