{
  "TOP10 满仓": {
    "ann": 0.034596181692702066,
    "max_dd": -0.5326446418554014,
    "sharpe": 0.12674165241396118,
    "calmar": 0.06495171259433037,
    "win": 46.96969696969697,
    "real_win": 46.96969696969697,
    "new_high": 12.121212121212121,
    "n_stop": 0,
    "cost": 16.58499999999999,
    "trades": 63,
    "exposure": 99.92383853769992
  },
  "TOP20 满仓": {
    "ann": 0.0305324347716307,
    "max_dd": -0.43894042063479227,
    "sharpe": 0.13638153808885595,
    "calmar": 0.06955940564205713,
    "win": 56.060606060606055,
    "real_win": 56.060606060606055,
    "new_high": 15.151515151515152,
    "n_stop": 0,
    "cost": 14.652200000000008,
    "trades": 63,
    "exposure": 99.92383853769992
  },
  "TOP30 满仓": {
    "ann": 0.013193236710970169,
    "max_dd": -0.4453754565091866,
    "sharpe": 0.06347194704768391,
    "calmar": 0.029622729582760556,
    "win": 57.57575757575758,
    "real_win": 57.57575757575758,
    "new_high": 10.606060606060606,
    "n_stop": 0,
    "cost": 13.595200000000002,
    "trades": 63,
    "exposure": 99.92383853769992
  },
  "TOP20 满仓+止损8%": {
    "ann": 0.007973141691832275,
    "max_dd": -0.4753010878480961,
    "sharpe": 0.03646859761317843,
    "calmar": 0.016774928346851275,
    "win": 54.54545454545454,
    "real_win": 53.84615384615385,
    "new_high": 10.606060606060606,
    "n_stop": 4,
    "cost": 13.9123,
    "trades": 59,
    "exposure": 93.52627570449353
  },
  "TOP20 MA250+止损8%": {
    "ann": 0.10524900996678777,
    "max_dd": -0.24210037736608184,
    "sharpe": 0.6059109334248874,
    "calmar": 0.43473294470598833,
    "win": 77.27272727272727,
    "real_win": 63.41463414634146,
    "new_high": 42.42424242424242,
    "n_stop": 2,
    "cost": 9.684299999999997,
    "trades": 46,
    "exposure": 51.63747143945163
  },
  "TOP30 MA250+止损8%": {
    "ann": 0.09143824538630652,
    "max_dd": -0.21643926652819787,
    "sharpe": 0.5800836931715967,
    "calmar": 0.4224660656683286,
    "win": 80.3030303030303,
    "real_win": 68.29268292682927,
    "new_high": 42.42424242424242,
    "n_stop": 2,
    "cost": 9.326933333333333,
    "trades": 46,
    "exposure": 51.63747143945163
  },
  "TOP10 MA250+止损8%": {
    "ann": 0.13607793684194913,
    "max_dd": -0.30672528730129467,
    "sharpe": 0.6445667802531303,
    "calmar": 0.44364759762464734,
    "win": 72.72727272727273,
    "real_win": 56.09756097560976,
    "new_high": 40.909090909090914,
    "n_stop": 2,
    "cost": 10.605399999999992,
    "trades": 46,
    "exposure": 51.63747143945163
  },
  "TOP30 满仓+止损8%": {
    "ann": 0.0002571858261142257,
    "max_dd": -0.46100467403536394,
    "sharpe": 0.0012509750227214069,
    "calmar": 0.0005578811682384305,
    "win": 57.57575757575758,
    "real_win": 57.57575757575758,
    "new_high": 10.606060606060606,
    "n_stop": 3,
    "cost": 13.112000000000002,
    "trades": 60,
    "exposure": 95.12566641279513
  },
  "TOP20 满仓+止损5%": {
    "ann": 0.05282290580186655,
    "max_dd": -0.30007947552731196,
    "sharpe": 0.2516882007783878,
    "calmar": 0.17602971915704654,
    "win": 60.60606060606061,
    "real_win": 60.0,
    "new_high": 19.696969696969695,
    "n_stop": 9,
    "cost": 12.8855,
    "trades": 54,
    "exposure": 85.52932216298554
  }
}