{
  "ann_return": 0.07199211868637612,
  "max_dd": -0.15883876976586486,
  "sharpe": 0.748061468582418,
  "calmar": 0.45324021832009637,
  "monthly_win_rate": 80.3030303030303,
  "new_high_rate": 18.181818181818183
}