{
  "MA250+MA5 (v10原版)": {
    "ann": 0.12957547498976152,
    "max_dd": -0.2807375801373244,
    "sharpe": 0.5390490169705089,
    "calmar": 0.46155372190064087,
    "win": 74.24242424242425,
    "new_high": 24.242424242424242,
    "n_stop": 2,
    "cost": 33.346,
    "trades": 206,
    "flips": 201,
    "exposure": 30.08377760853008
  },
  "MA250+MA10": {
    "ann": 0.09276857022826568,
    "max_dd": -0.40112672189885296,
    "sharpe": 0.3928741718014227,
    "calmar": 0.2312699831841618,
    "win": 72.72727272727273,
    "new_high": 34.84848484848485,
    "n_stop": 2,
    "cost": 24.28600000000005,
    "trades": 144,
    "flips": 129,
    "exposure": 31.15003808073115
  },
  "MA250+MA20": {
    "ann": 0.1905534987934614,
    "max_dd": -0.3364196992842674,
    "sharpe": 0.7809531313091835,
    "calmar": 0.5664159952549265,
    "win": 69.6969696969697,
    "new_high": 37.878787878787875,
    "n_stop": 3,
    "cost": 20.873400000000032,
    "trades": 121,
    "flips": 107,
    "exposure": 31.987814166031985
  },
  "MA250+MA30": {
    "ann": 0.17229349933226068,
    "max_dd": -0.293692427389171,
    "sharpe": 0.660558320949001,
    "calmar": 0.5866460394089598,
    "win": 75.75757575757575,
    "new_high": 10.606060606060606,
    "n_stop": 2,
    "cost": 18.029400000000013,
    "trades": 102,
    "flips": 88,
    "exposure": 33.89185072353389
  },
  "MA250+MA60": {
    "ann": 0.08862124880037947,
    "max_dd": -0.5090005048414049,
    "sharpe": 0.31608981050892015,
    "calmar": 0.17410837112625693,
    "win": 71.21212121212122,
    "new_high": 6.0606060606060606,
    "n_stop": 1,
    "cost": 15.981000000000002,
    "trades": 88,
    "flips": 67,
    "exposure": 38.23305407463823
  },
  "MA250 only (无短期)": {
    "ann": 0.0721357107149867,
    "max_dd": -0.5879147035801523,
    "sharpe": 0.23040023570301643,
    "calmar": 0.12269757887617146,
    "win": 74.24242424242425,
    "new_high": 9.090909090909092,
    "n_stop": 8,
    "cost": 9.367199999999993,
    "trades": 39,
    "flips": 15,
    "exposure": 42.26961157654227
  }
}