{
  "ann_return": 0.23138096585414103,
  "max_dd": -0.28841851357315323,
  "sharpe": 0.7012629945045619,
  "calmar": 0.8022403381378448,
  "win_rate": 74.24242424242425,
  "new_high_rate": 21.21212121212121
}