{
  "ann_return": 0.17386495945668723,
  "max_dd": -0.24840183988085074,
  "sharpe": 0.7701020788199769,
  "calmar": 0.6999342659461938,
  "win_rate": 78.78787878787878,
  "new_high_rate": 24.242424242424242
}