{
  "ann_return": 0.0860544302200823,
  "max_dd": -0.3040729047044065,
  "sharpe": 0.6315071343235816,
  "calmar": 0.2830059136763172,
  "win_rate": 92.42424242424242,
  "new_high_rate": 16.666666666666664
}