{
  "低波 TOP10 MA250 止损8%": {
    "ann": 0.03004595085969508,
    "max_dd": -0.12472158952469377,
    "sharpe": 0.29154844109334593,
    "calmar": 0.24090416883074,
    "win": 71.21212121212122,
    "real_win": 53.65853658536586,
    "new_high": 36.36363636363637,
    "n_stop": 0,
    "cost": 5.592199999999999,
    "trades": 47,
    "exposure": 54.836252856054834
  },
  "低波 TOP20 MA250 止损8%": {
    "ann": 0.05027965508413046,
    "max_dd": -0.10315826993338734,
    "sharpe": 0.47365718229182824,
    "calmar": 0.48740304695491377,
    "win": 72.72727272727273,
    "real_win": 56.09756097560976,
    "new_high": 33.33333333333333,
    "n_stop": 0,
    "cost": 5.637500000000002,
    "trades": 48,
    "exposure": 54.836252856054834
  },
  "低波 TOP30 MA250 止损8%": {
    "ann": 0.05582572935533081,
    "max_dd": -0.10531975494485468,
    "sharpe": 0.5225903199926699,
    "calmar": 0.5300594307740376,
    "win": 74.24242424242425,
    "real_win": 58.536585365853654,
    "new_high": 39.39393939393939,
    "n_stop": 0,
    "cost": 5.390866666666667,
    "trades": 48,
    "exposure": 54.836252856054834
  },
  "低波 TOP50 MA250 止损8%": {
    "ann": 0.050035130763310454,
    "max_dd": -0.10698448198896125,
    "sharpe": 0.46612783979810507,
    "calmar": 0.4676858721293161,
    "win": 72.72727272727273,
    "real_win": 53.65853658536586,
    "new_high": 22.727272727272727,
    "n_stop": 1,
    "cost": 5.12108,
    "trades": 47,
    "exposure": 53.236862147753236
  },
  "低波 TOP100 MA250 止损8%": {
    "ann": 0.07207645083645775,
    "max_dd": -0.12382792485479176,
    "sharpe": 0.5982030802863899,
    "calmar": 0.5820694396758973,
    "win": 74.24242424242425,
    "real_win": 58.536585365853654,
    "new_high": 46.96969696969697,
    "n_stop": 0,
    "cost": 4.770760000000001,
    "trades": 48,
    "exposure": 54.836252856054834
  },
  "低波 TOP30 MA250 止损5%": {
    "ann": 0.04786405657484005,
    "max_dd": -0.10531975494485377,
    "sharpe": 0.452284910236605,
    "calmar": 0.454464184804665,
    "win": 74.24242424242425,
    "real_win": 58.536585365853654,
    "new_high": 39.39393939393939,
    "n_stop": 1,
    "cost": 5.4210666666666665,
    "trades": 47,
    "exposure": 53.236862147753236
  },
  "低波 TOP30 MA250 止损10%": {
    "ann": 0.05582572935533081,
    "max_dd": -0.10531975494485468,
    "sharpe": 0.5225903199926699,
    "calmar": 0.5300594307740376,
    "win": 74.24242424242425,
    "real_win": 58.536585365853654,
    "new_high": 39.39393939393939,
    "n_stop": 0,
    "cost": 5.390866666666667,
    "trades": 48,
    "exposure": 54.836252856054834
  },
  "低波 TOP30 MA250 无止损": {
    "ann": 0.05582572935533081,
    "max_dd": -0.10531975494485468,
    "sharpe": 0.5225903199926699,
    "calmar": 0.5300594307740376,
    "win": 74.24242424242425,
    "real_win": 58.536585365853654,
    "new_high": 39.39393939393939,
    "n_stop": 0,
    "cost": 5.390866666666667,
    "trades": 48,
    "exposure": 54.836252856054834
  },
  "低波 TOP30 满仓 止损8%": {
    "ann": 0.06051575865550096,
    "max_dd": -0.18888817319868448,
    "sharpe": 0.40694971926895157,
    "calmar": 0.32037875972174645,
    "win": 56.060606060606055,
    "real_win": 56.060606060606055,
    "new_high": 22.727272727272727,
    "n_stop": 1,
    "cost": 5.823733333333333,
    "trades": 62,
    "exposure": 98.32444782939832
  },
  "低波 TOP50 MA250 止损5%": {
    "ann": 0.04288942283950736,
    "max_dd": -0.10698448198896125,
    "sharpe": 0.400835642957509,
    "calmar": 0.40089386836431784,
    "win": 72.72727272727273,
    "real_win": 53.65853658536586,
    "new_high": 21.21212121212121,
    "n_stop": 2,
    "cost": 5.30832,
    "trades": 46,
    "exposure": 51.63747143945163
  },
  "低波 TOP50 MA250 无止损": {
    "ann": 0.060204681170591856,
    "max_dd": -0.10085382697541041,
    "sharpe": 0.5553364630812424,
    "calmar": 0.5969498924941203,
    "win": 72.72727272727273,
    "real_win": 53.65853658536586,
    "new_high": 39.39393939393939,
    "n_stop": 0,
    "cost": 5.072760000000001,
    "trades": 48,
    "exposure": 54.836252856054834
  },
  "低波+反转 TOP30 MA250 止损8%": {
    "ann": 0.05675992494378557,
    "max_dd": -0.14047480562196696,
    "sharpe": 0.46510430638435957,
    "calmar": 0.4040576863052064,
    "win": 74.24242424242425,
    "real_win": 58.536585365853654,
    "new_high": 40.909090909090914,
    "n_stop": 0,
    "cost": 8.884,
    "trades": 48,
    "exposure": 54.836252856054834
  },
  "低波+反转 TOP50 MA250 止损8%": {
    "ann": 0.06638299405614378,
    "max_dd": -0.14220193819042792,
    "sharpe": 0.5383735429530979,
    "calmar": 0.46682200609142077,
    "win": 72.72727272727273,
    "real_win": 56.09756097560976,
    "new_high": 37.878787878787875,
    "n_stop": 0,
    "cost": 8.26792,
    "trades": 48,
    "exposure": 54.836252856054834
  },
  "纯防御 TOP50 MA250 止损8%": {
    "ann": 0.10128777769442787,
    "max_dd": -0.1251733650924421,
    "sharpe": 0.8332140757623481,
    "calmar": 0.8091799530964562,
    "win": 77.27272727272727,
    "real_win": 63.41463414634146,
    "new_high": 37.878787878787875,
    "n_stop": 0,
    "cost": 6.8364400000000005,
    "trades": 48,
    "exposure": 54.836252856054834
  }
}