{
  "ann_return": 0.02670593799412102,
  "max_dd": -0.11982809125651964,
  "sharpe": 0.25058615907568693,
  "calmar": 0.222868759020377,
  "win_rate": 72.72727272727273,
  "new_high_rate": 7.575757575757576
}