{
  "ann_return": 0.9269923406725822,
  "max_dd": -0.16597937419701214,
  "sharpe": 3.7395236289271074,
  "calmar": 5.584985153470167,
  "win_rate": 92.42424242424242,
  "new_high_rate": 92.42424242424242
}