{
  "ann_return": 0.015372043048101691,
  "max_dd": -0.13189002928093743,
  "sharpe": 0.23251507857253217,
  "calmar": 0.11655197236599196,
  "win_rate": 74.24242424242425,
  "new_high_rate": 15.151515151515152
}