{
  "ann_return": 0.056308251828941724,
  "max_dd": -0.401610956027943,
  "sharpe": 0.21095378949034313,
  "calmar": 0.14020596545932862,
  "win_rate": 74.24242424242425,
  "new_high_rate": 9.090909090909092
}